,year,state,state_po,state_fips,state_cen,office,dem_candidate,dem_votes,rep_candidate,totalvotes,rep_votes,total_twoparty_vote,rep_twoparty_voteshare,dem_twoparty_voteshare,dem_state_win,rep_state_win
0,1992,Alabama,AL,1,63,US President,"Clinton, Bill",690080,"Bush, George H.W.",1688060,804283,1494363,0.5382112645990298,0.46178873540097015,0,1
1,1992,Alaska,AK,2,94,US President,"Clinton, Bill",78294,"Bush, George H.W.",258506,102000,180294,0.5657426203867018,0.4342573796132983,0,1
2,1992,Arizona,AZ,4,86,US President,"Clinton, Bill",543050,"Bush, George H.W.",1486975,572086,1115136,0.5130190398301194,0.48698096016988063,0,1
3,1992,Arkansas,AR,5,71,US President,"Clinton, Bill",505823,"Bush, George H.W.",950653,337324,843147,0.4000773293387749,0.5999226706612252,1,0
4,1992,California,CA,6,93,US President,"Clinton, Bill",5121325,"Bush, George H.W.",11131721,3630574,8751899,0.4148327123062092,0.5851672876937908,1,0
5,1992,Colorado,CO,8,84,US President,"Clinton, Bill",629681,"Bush, George H.W.",1569180,562850,1192531,0.4719793447717502,0.5280206552282498,1,0
6,1992,Connecticut,CT,9,16,US President,"Clinton, Bill",682318,"Bush, George H.W.",1616156,578313,1260631,0.4587488329257332,0.5412511670742668,1,0
7,1992,Delaware,DE,10,51,US President,"Clinton, Bill",126054,"Bush, George H.W.",289620,102313,228367,0.4480200729527471,0.5519799270472528,1,0
8,1992,District of Columbia,DC,11,53,US President,"Clinton, Bill",192619,"Bush, George H.W.",227572,20698,213317,0.09702930380607265,0.9029706961939273,1,0
9,1992,Florida,FL,12,59,US President,"Clinton, Bill",2071698,"Bush, George H.W.",5313392,2173310,4245008,0.5119684108958098,0.48803158910419014,0,1
10,1992,Georgia,GA,13,58,US President,"Clinton, Bill",1008966,"Bush, George H.W.",2321133,995252,2004218,0.49657871548903365,0.5034212845109663,1,0
11,1992,Hawaii,HI,15,95,US President,"Clinton, Bill",179310,"Bush, George H.W.",372842,136822,316132,0.432800222691787,0.567199777308213,1,0
12,1992,Idaho,ID,16,82,US President,"Clinton, Bill",137013,"Bush, George H.W.",482114,202645,339658,0.5966148302115658,0.40338516978843425,0,1
13,1992,Illinois,IL,17,33,US President,"Clinton, Bill",2453350,"Bush, George H.W.",5050157,1734096,4187446,0.41411781787753205,0.585882182122468,1,0
14,1992,Indiana,IN,18,32,US President,"Clinton, Bill",848420,"Bush, George H.W.",2305871,989375,1837795,0.5383489453393877,0.4616510546606123,0,1
15,1992,Iowa,IA,19,42,US President,"Clinton, Bill",586353,"Bush, George H.W.",1354607,504891,1091244,0.4626747088643786,0.5373252911356213,1,0
16,1992,Kansas,KS,20,47,US President,"Clinton, Bill",390434,"Bush, George H.W.",1157236,449951,840385,0.5354105558761758,0.4645894441238242,0,1
17,1992,Kentucky,KY,21,61,US President,"Clinton, Bill",665104,"Bush, George H.W.",1492900,617178,1282282,0.4813122230523395,0.5186877769476606,1,0
18,1992,Louisiana,LA,22,72,US President,"Clinton, Bill",815971,"Bush, George H.W.",1790017,733386,1549357,0.47334862139584355,0.5266513786041565,1,0
19,1992,Maine,ME,23,11,US President,"Clinton, Bill",263420,"Bush, George H.W.",679499,206504,469924,0.4394412713545169,0.5605587286454831,1,0
20,1992,Maryland,MD,24,52,US President,"Clinton, Bill",988571,"Bush, George H.W.",1984580,707094,1695665,0.4170009996078235,0.5829990003921766,1,0
21,1992,Massachusetts,MA,25,14,US President,"Clinton, Bill",1318639,"Bush, George H.W.",2773664,805039,2123678,0.37907771328798434,0.6209222867120157,1,0
22,1992,Michigan,MI,26,34,US President,"Clinton, Bill",1871182,"Bush, George H.W.",4274673,1554940,3426122,0.45384840353028877,0.5461515964697112,1,0
23,1992,Minnesota,MN,27,41,US President,"Clinton, Bill",1020997,"Bush, George H.W.",2347948,747841,1768838,0.42278659775513644,0.5772134022448636,1,0
24,1992,Mississippi,MS,28,64,US President,"Clinton, Bill",400258,"Bush, George H.W.",981793,487793,888051,0.5492848946738419,0.45071510532615805,0,1
25,1992,Missouri,MO,29,43,US President,"Clinton, Bill",1053873,"Bush, George H.W.",2391270,811159,1865032,0.4349303389968644,0.5650696610031356,1,0
26,1992,Montana,MT,30,81,US President,"Clinton, Bill",154507,"Bush, George H.W.",410583,144207,298714,0.482759428751247,0.517240571248753,1,0
27,1992,Nebraska,NE,31,46,US President,"Clinton, Bill",216864,"Bush, George H.W.",737546,343678,560542,0.6131173043233157,0.3868826956766844,0,1
28,1992,Nevada,NV,32,88,US President,"Clinton, Bill",189148,"Bush, George H.W.",506318,175828,364976,0.48175222480382274,0.5182477751961773,1,0
29,1992,New Hampshire,NH,33,12,US President,"Clinton, Bill",209040,"Bush, George H.W.",537215,202484,411524,0.492034486445505,0.507965513554495,1,0
30,1992,New Jersey,NJ,34,22,US President,"Clinton, Bill",1436206,"Bush, George H.W.",3343594,1356865,2793071,0.48579681647906553,0.5142031835209345,1,0
31,1992,New Mexico,NM,35,85,US President,"Clinton, Bill",261617,"Bush, George H.W.",569986,212824,474441,0.44857843230243594,0.5514215676975641,1,0
32,1992,New York,NY,36,21,US President,"Clinton, Bill",3346894,"Bush, George H.W.",7079432,2041690,5388584,0.37889174595775066,0.6211082540422493,1,0
33,1992,North Carolina,NC,37,56,US President,"Clinton, Bill",1114042,"Bush, George H.W.",2611850,1134661,2248703,0.5045846427918671,0.49541535720813284,0,1
34,1992,North Dakota,ND,38,44,US President,"Clinton, Bill",99168,"Bush, George H.W.",308133,136244,235412,0.5787470477290877,0.42125295227091225,0,1
35,1992,Ohio,OH,39,31,US President,"Clinton, Bill",1984942,"Bush, George H.W.",4939967,1894310,3879252,0.48831836653045485,0.5116816334695452,1,0
36,1992,Oklahoma,OK,40,73,US President,"Clinton, Bill",473066,"Bush, George H.W.",1390359,592929,1065995,0.5562211830261868,0.4437788169738132,0,1
37,1992,Oregon,OR,41,92,US President,"Clinton, Bill",621314,"Bush, George H.W.",1462643,475757,1097071,0.43366108483407184,0.5663389151659282,1,0
38,1992,Pennsylvania,PA,42,23,US President,"Clinton, Bill",2239164,"Bush, George H.W.",4959810,1791841,4031005,0.44451470538984694,0.5554852946101531,1,0
39,1992,Rhode Island,RI,44,15,US President,"Clinton, Bill",213299,"Bush, George H.W.",453365,131601,344900,0.38156277181791826,0.6184372281820818,1,0
40,1992,South Carolina,SC,45,57,US President,"Clinton, Bill",525514,"Bush, George H.W.",1228912,577507,1103021,0.5235684542724028,0.4764315457275972,0,1
41,1992,South Dakota,SD,46,45,US President,"Clinton, Bill",124888,"Bush, George H.W.",336254,136718,261606,0.5226103376833865,0.4773896623166135,0,1
42,1992,Tennessee,TN,47,62,US President,"Clinton, Bill",933521,"Bush, George H.W.",1982638,841300,1774821,0.4740196335292404,0.5259803664707596,1,0
43,1992,Texas,TX,48,74,US President,"Clinton, Bill",2281815,"Bush, George H.W.",6154018,2496071,4777886,0.522421631658855,0.47757836834114503,0,1
44,1992,Utah,UT,49,87,US President,"Clinton, Bill",183429,"Bush, George H.W.",743998,322632,506061,0.6375357911398033,0.3624642088601967,0,1
45,1992,Vermont,VT,50,13,US President,"Clinton, Bill",133592,"Bush, George H.W.",289701,88122,221714,0.39745798641493096,0.6025420135850691,1,0
46,1992,Virginia,VA,51,54,US President,"Clinton, Bill",1038650,"Bush, George H.W.",2559129,1150517,2189167,0.5255501293414344,0.4744498706585656,0,1
47,1992,Washington,WA,53,91,US President,"Clinton, Bill",993037,"Bush, George H.W.",2287565,731234,1724271,0.42408298927488774,0.5759170107251123,1,0
48,1992,West Virginia,WV,54,55,US President,"Clinton, Bill",331001,"Bush, George H.W.",683677,241974,572975,0.4223116191805925,0.5776883808194074,1,0
49,1992,Wisconsin,WI,55,35,US President,"Clinton, Bill",1041066,"Bush, George H.W.",2531064,930855,1971921,0.4720549149788455,0.5279450850211544,1,0
50,1992,Wyoming,WY,56,83,US President,"Clinton, Bill",68160,"Bush, George H.W.",199884,79347,147507,0.5379202342939657,0.46207976570603426,0,1
51,1996,Alabama,AL,1,63,US President,"Clinton, Bill",662165,"Dole, Robert",1534349,769044,1431209,0.5373387115368894,0.46266128846311055,0,1
52,1996,Alaska,AK,2,94,US President,"Clinton, Bill",80380,"Dole, Robert",241620,122746,203126,0.6042850250583381,0.3957149749416618,0,1
53,1996,Arizona,AZ,4,86,US President,"Clinton, Bill",653288,"Dole, Robert",1404405,622073,1275361,0.4877622884814574,0.5122377115185426,1,0
54,1996,Arkansas,AR,5,71,US President,"Clinton, Bill",475171,"Dole, Robert",884262,325416,800587,0.4064717513524451,0.5935282486475548,1,0
55,1996,California,CA,6,93,US President,"Clinton, Bill",5119835,"Dole, Robert",10019469,3828381,8948216,0.42783734769031057,0.5721626523096894,1,0
56,1996,Colorado,CO,8,84,US President,"Clinton, Bill",671152,"Dole, Robert",1510702,691848,1363000,0.5075920763022744,0.4924079236977256,0,1
57,1996,Connecticut,CT,9,16,US President,"Clinton, Bill",735740,"Dole, Robert",1392614,483109,1218849,0.3963649311768726,0.6036350688231273,1,0
58,1996,Delaware,DE,10,51,US President,"Clinton, Bill",140355,"Dole, Robert",270810,99062,239417,0.41376343367430046,0.5862365663256995,1,0
59,1996,District of Columbia,DC,11,53,US President,"Clinton, Bill",158220,"Dole, Robert",185726,17339,175559,0.09876451791135743,0.9012354820886426,1,0
60,1996,Florida,FL,12,59,US President,"Clinton, Bill",2546870,"Dole, Robert",5303154,2244536,4791406,0.46845038804893596,0.5315496119510641,1,0
61,1996,Georgia,GA,13,58,US President,"Clinton, Bill",1053849,"Dole, Robert",2298899,1080843,2134692,0.5063226919855417,0.4936773080144583,0,1
62,1996,Hawaii,HI,15,95,US President,"Clinton, Bill",205012,"Dole, Robert",360120,113943,318955,0.3572384819175119,0.6427615180824882,1,0
63,1996,Idaho,ID,16,82,US President,"Clinton, Bill",165443,"Dole, Robert",491711,256595,422038,0.6079902757571594,0.3920097242428407,0,1
64,1996,Illinois,IL,17,33,US President,"Clinton, Bill",2341744,"Dole, Robert",4311391,1587021,3928765,0.4039490781454223,0.5960509218545778,1,0
65,1996,Indiana,IN,18,32,US President,"Clinton, Bill",887424,"Dole, Robert",2135431,1006693,1894117,0.5314840635504565,0.46851593644954354,0,1
66,1996,Iowa,IA,19,42,US President,"Clinton, Bill",620258,"Dole, Robert",1234075,492644,1112902,0.4426661107626727,0.5573338892373273,1,0
67,1996,Kansas,KS,20,47,US President,"Clinton, Bill",387659,"Dole, Robert",1074300,583245,970904,0.6007236554798414,0.39927634452015853,0,1
68,1996,Kentucky,KY,21,61,US President,"Clinton, Bill",636614,"Dole, Robert",1388708,623283,1259897,0.4947094881565715,0.5052905118434284,1,0
69,1996,Louisiana,LA,22,72,US President,"Clinton, Bill",927837,"Dole, Robert",1783959,712586,1640423,0.43439161728407855,0.5656083827159214,1,0
70,1996,Maine,ME,23,11,US President,"Clinton, Bill",312788,"Dole, Robert",605897,186378,499166,0.37337879583144684,0.6266212041685532,1,0
71,1996,Maryland,MD,24,52,US President,"Clinton, Bill",966207,"Dole, Robert",1780870,681530,1647737,0.41361576513727616,0.5863842348627238,1,0
72,1996,Massachusetts,MA,25,14,US President,"Clinton, Bill",1571509,"Dole, Robert",2556459,718058,2289567,0.31362174594584913,0.6863782540541509,1,0
73,1996,Michigan,MI,26,34,US President,"Clinton, Bill",1989653,"Dole, Robert",3848844,1481212,3470865,0.42675586633303225,0.5732441336669677,1,0
74,1996,Minnesota,MN,27,41,US President,"Clinton, Bill",1120380,"Dole, Robert",2192492,766395,1886775,0.4061931072862424,0.5938068927137576,1,0
75,1996,Mississippi,MS,28,64,US President,"Clinton, Bill",394022,"Dole, Robert",893857,439838,833860,0.527472237545871,0.472527762454129,0,1
76,1996,Missouri,MO,29,43,US President,"Clinton, Bill",1025935,"Dole, Robert",2158065,890016,1915951,0.46452962523571845,0.5354703747642815,1,0
77,1996,Montana,MT,30,81,US President,"Clinton, Bill",167922,"Dole, Robert",407083,179652,347574,0.5168741045072416,0.48312589549275836,0,1
78,1996,Nebraska,NE,31,46,US President,"Clinton, Bill",236761,"Dole, Robert",677415,363467,600228,0.6055482250078303,0.39445177499216966,0,1
79,1996,Nevada,NV,32,88,US President,"Clinton, Bill",203974,"Dole, Robert",464279,199244,403218,0.4941346864475296,0.5058653135524703,1,0
80,1996,New Hampshire,NH,33,12,US President,"Clinton, Bill",246166,"Dole, Robert",496597,196486,442652,0.4438836828931079,0.5561163171068921,1,0
81,1996,New Jersey,NJ,34,22,US President,"Clinton, Bill",1652361,"Dole, Robert",3075860,1103099,2755460,0.40033206796687304,0.599667932033127,1,0
82,1996,New Mexico,NM,35,85,US President,"Clinton, Bill",273495,"Dole, Robert",556074,232751,506246,0.4597586943896841,0.5402413056103159,1,0
83,1996,New York,NY,36,21,US President,"Clinton, Bill",3649630,"Dole, Robert",6439129,1738707,5388337,0.3226797061876419,0.677320293812358,1,0
84,1996,North Carolina,NC,37,56,US President,"Clinton, Bill",1107849,"Dole, Robert",2515807,1225938,2333787,0.5252998666973464,0.4747001333026536,0,1
85,1996,North Dakota,ND,38,44,US President,"Clinton, Bill",106905,"Dole, Robert",266411,125050,231955,0.5391131900584165,0.4608868099415835,0,1
86,1996,Ohio,OH,39,31,US President,"Clinton, Bill",2148222,"Dole, Robert",4534434,1859883,4008105,0.4640305081827946,0.5359694918172054,1,0
87,1996,Oklahoma,OK,40,73,US President,"Clinton, Bill",488105,"Dole, Robert",1206713,582315,1070420,0.5440060910670578,0.4559939089329422,0,1
88,1996,Oregon,OR,41,92,US President,"Clinton, Bill",649641,"Dole, Robert",1377760,538152,1187793,0.45306884280341775,0.5469311571965823,1,0
89,1996,Pennsylvania,PA,42,23,US President,"Clinton, Bill",2215819,"Dole, Robert",4501307,1801169,4016988,0.44838794639167456,0.5516120536083254,1,0
90,1996,Rhode Island,RI,44,15,US President,"Clinton, Bill",233050,"Dole, Robert",390247,104683,337733,0.3099578661250159,0.690042133874984,1,0
91,1996,South Carolina,SC,45,57,US President,"Clinton, Bill",506152,"Dole, Robert",1150182,573339,1079491,0.5311197592198545,0.46888024078014545,0,1
92,1996,South Dakota,SD,46,45,US President,"Clinton, Bill",139333,"Dole, Robert",323826,150543,289876,0.5193358539513447,0.48066414604865526,0,1
93,1996,Tennessee,TN,47,62,US President,"Clinton, Bill",909146,"Dole, Robert",1894105,863530,1772676,0.48713357658139445,0.5128664234186056,1,0
94,1996,Texas,TX,48,74,US President,"Clinton, Bill",2459683,"Dole, Robert",5611644,2736167,5195850,0.5266062338212227,0.4733937661787773,0,1
95,1996,Utah,UT,49,87,US President,"Clinton, Bill",221633,"Dole, Robert",665629,361911,583544,0.6201948781925614,0.3798051218074387,0,1
96,1996,Vermont,VT,50,13,US President,"Clinton, Bill",137894,"Dole, Robert",258449,80352,218246,0.3681716961593798,0.6318283038406202,1,0
97,1996,Virginia,VA,51,54,US President,"Clinton, Bill",1091060,"Dole, Robert",2416642,1138350,2229410,0.5106059450706689,0.4893940549293311,0,1
98,1996,Washington,WA,53,91,US President,"Clinton, Bill",1123323,"Dole, Robert",2253837,840712,1964035,0.4280534715521872,0.5719465284478128,1,0
99,1996,West Virginia,WV,54,55,US President,"Clinton, Bill",327812,"Dole, Robert",636459,233946,561758,0.4164533482389214,0.5835466517610786,1,0
100,1996,Wisconsin,WI,55,35,US President,"Clinton, Bill",1071971,"Dole, Robert",2196169,845029,1917000,0.4408080333854982,0.5591919666145019,1,0
101,1996,Wyoming,WY,56,83,US President,"Clinton, Bill",77934,"Dole, Robert",211571,105388,183322,0.5748791743489597,0.42512082565104026,0,1
102,2000,Alabama,AL,1,63,US President,"Gore, Al",692611,"Bush, George W.",1666272,941173,1633784,0.5760694192133109,0.42393058078668905,0,1
103,2000,Alaska,AK,2,94,US President,"Gore, Al",79004,"Bush, George W.",285560,167398,246402,0.6793694856372919,0.3206305143627081,0,1
104,2000,Arizona,AZ,4,86,US President,"Gore, Al",685341,"Bush, George W.",1532016,781652,1466993,0.5328259916713985,0.46717400832860145,0,1
105,2000,Arkansas,AR,5,71,US President,"Gore, Al",422768,"Bush, George W.",921781,472940,895708,0.5280068951042081,0.47199310489579194,0,1
106,2000,California,CA,6,93,US President,"Gore, Al",5861203,"Bush, George W.",10965822,4567429,10428632,0.43797010000928216,0.5620298999907178,1,0
107,2000,Colorado,CO,8,84,US President,"Gore, Al",738227,"Bush, George W.",1741368,883748,1621975,0.5448591994327903,0.45514080056720974,0,1
108,2000,Connecticut,CT,9,16,US President,"Gore, Al",816015,"Bush, George W.",1459525,561094,1377109,0.4074434195114548,0.5925565804885452,1,0
109,2000,Delaware,DE,10,51,US President,"Gore, Al",180068,"Bush, George W.",327529,137288,317356,0.43259935214711553,0.5674006478528845,1,0
110,2000,District of Columbia,DC,11,53,US President,"Gore, Al",171923,"Bush, George W.",201894,18073,189996,0.0951230552222152,0.9048769447777848,1,0
111,2000,Florida,FL,12,59,US President,"Gore, Al",2912253,"Bush, George W.",5963110,2912790,5825043,0.5000460940803355,0.49995390591966443,0,1
112,2000,Georgia,GA,13,58,US President,"Gore, Al",1116230,"Bush, George W.",2583208,1419720,2535950,0.5598375362290265,0.4401624637709734,0,1
113,2000,Hawaii,HI,15,95,US President,"Gore, Al",205286,"Bush, George W.",367951,137845,343131,0.40172703719570657,0.5982729628042934,1,0
114,2000,Idaho,ID,16,82,US President,"Gore, Al",138637,"Bush, George W.",501615,336937,475574,0.7084849045574401,0.29151509544255994,0,1
115,2000,Illinois,IL,17,33,US President,"Gore, Al",2589026,"Bush, George W.",4742108,2019421,4608447,0.4381998968416041,0.5618001031583959,1,0
116,2000,Indiana,IN,18,32,US President,"Gore, Al",901980,"Bush, George W.",2199302,1245836,2147816,0.5800478253258193,0.41995217467418067,0,1
117,2000,Iowa,IA,19,42,US President,"Gore, Al",638517,"Bush, George W.",1353022,634373,1272890,0.4983722081248183,0.5016277918751817,1,0
118,2000,Kansas,KS,20,47,US President,"Gore, Al",399276,"Bush, George W.",1072216,622332,1021608,0.6091690746352808,0.39083092536471914,0,1
119,2000,Kentucky,KY,21,61,US President,"Gore, Al",638923,"Bush, George W.",1544106,872520,1511443,0.5772761526567658,0.42272384734323426,0,1
120,2000,Louisiana,LA,22,72,US President,"Gore, Al",792344,"Bush, George W.",1765656,927871,1720215,0.5393924596634723,0.4606075403365277,0,1
121,2000,Maine,ME,23,11,US President,"Gore, Al",319951,"Bush, George W.",651817,286616,606567,0.4725215845899958,0.5274784154100042,1,0
122,2000,Maryland,MD,24,52,US President,"Gore, Al",1144008,"Bush, George W.",2025212,813827,1957835,0.4156770105754571,0.584322989424543,1,0
123,2000,Massachusetts,MA,25,14,US President,"Gore, Al",1616487,"Bush, George W.",2733964,878502,2494989,0.35210656239366184,0.6478934376063381,1,0
124,2000,Michigan,MI,26,34,US President,"Gore, Al",2170418,"Bush, George W.",4232501,1953139,4123557,0.473653935182659,0.5263460648173409,1,0
125,2000,Mississippi,MS,28,64,US President,"Gore, Al",404614,"Bush, George W.",994184,1109659,1514273,0.7327998319985894,0.26720016800141055,0,1
126,2000,Missouri,MO,29,43,US President,"Gore, Al",1111138,"Bush, George W.",2359892,572844,1683982,0.34017228212653106,0.6598277178734689,1,0
127,2000,Montana,MT,30,81,US President,"Gore, Al",137126,"Bush, George W.",410986,1189924,1327050,0.8966685505444407,0.10333144945555932,0,1
128,2000,Nebraska,NE,31,46,US President,"Gore, Al",231780,"Bush, George W.",697019,240178,471958,0.5088969781209345,0.4911030218790655,0,1
129,2000,Nevada,NV,32,88,US President,"Gore, Al",279978,"Bush, George W.",609426,433862,713840,0.6077860585005043,0.3922139414994957,0,1
130,2000,New Hampshire,NH,33,12,US President,"Gore, Al",266348,"Bush, George W.",569081,301575,567923,0.5310138874460094,0.4689861125539906,0,1
131,2000,New Jersey,NJ,34,22,US President,"Gore, Al",1788850,"Bush, George W.",3187226,273559,2062409,0.13264051892713813,0.8673594810728619,1,0
132,2000,New Mexico,NM,35,85,US President,"Gore, Al",286783,"Bush, George W.",598605,1284173,1570956,0.817446828555351,0.182553171444649,0,1
133,2000,New York,NY,36,21,US President,"Gore, Al",3942215,"Bush, George W.",6960215,286417,4228632,0.06773277977369513,0.9322672202263048,1,0
134,2000,North Carolina,NC,37,56,US President,"Gore, Al",1257692,"Bush, George W.",2914990,2258577,3516269,0.6423220180253558,0.3576779819746441,0,1
135,2000,North Dakota,ND,38,44,US President,"Gore, Al",95284,"Bush, George W.",288256,1631163,1726447,0.9448091948377216,0.05519080516227837,0,1
136,2000,Ohio,OH,39,31,US President,"Gore, Al",2183628,"Bush, George W.",4701998,174852,2358480,0.07413758013635902,0.925862419863641,1,0
137,2000,Oklahoma,OK,40,73,US President,"Gore, Al",474276,"Bush, George W.",1234229,2350363,2824639,0.832093233861035,0.16790676613896502,0,1
138,2000,Oregon,OR,41,92,US President,"Gore, Al",720342,"Bush, George W.",1533950,744337,1464679,0.5081912145937779,0.49180878540622214,0,1
139,2000,Pennsylvania,PA,42,23,US President,"Gore, Al",2485967,"Bush, George W.",4912185,713577,3199544,0.2230245935045744,0.7769754064954256,1,0
140,2000,Rhode Island,RI,44,15,US President,"Gore, Al",249508,"Bush, George W.",409112,2281127,2530635,0.9014049833342225,0.09859501666577757,0,1
141,2000,South Carolina,SC,45,57,US President,"Gore, Al",566037,"Bush, George W.",1383902,130555,696592,0.18741960860876955,0.8125803913912304,1,0
142,2000,South Dakota,SD,46,45,US President,"Gore, Al",118804,"Bush, George W.",316269,786892,905696,0.8688257428541144,0.1311742571458856,0,1
143,2000,Tennessee,TN,47,62,US President,"Gore, Al",981720,"Bush, George W.",2076181,190700,1172420,0.16265502123812287,0.8373449787618772,1,0
144,2000,Texas,TX,48,74,US President,"Gore, Al",2433746,"Bush, George W.",6407637,1061949,3495695,0.303787658820349,0.6962123411796509,1,0
145,2000,Utah,UT,49,87,US President,"Gore, Al",203053,"Bush, George W.",770754,3799639,4002692,0.9492708906905652,0.05072910930943475,0,1
146,2000,Vermont,VT,50,13,US President,"Gore, Al",149022,"Bush, George W.",294308,515096,664118,0.7756091537949581,0.22439084620504188,0,1
147,2000,Virginia,VA,51,54,US President,"Gore, Al",1217290,"Bush, George W.",2739447,119775,1337065,0.08958053647354466,0.9104194635264553,1,0
148,2000,Washington,WA,53,91,US President,"Gore, Al",1247652,"Bush, George W.",2487433,1437490,2685142,0.5353497133484934,0.4646502866515067,0,1
149,2000,West Virginia,WV,54,55,US President,"Gore, Al",295497,"Bush, George W.",648124,1108864,1404361,0.7895861534178178,0.2104138465821822,0,1
150,2000,Wisconsin,WI,55,35,US President,"Gore, Al",1242987,"Bush, George W.",2598607,336475,1579462,0.21303139929925508,0.7869686007007449,1,0
151,2000,Wyoming,WY,56,83,US President,"Gore, Al",60481,"Bush, George W.",213726,1237279,1297760,0.9533958513130317,0.046604148686968314,0,1
152,2004,Alabama,AL,1,63,US President,"Kerry, John",693933,"Bush, George W.",1883415,147947,841880,0.1757340713640899,0.8242659286359101,1,0
153,2004,Alaska,AK,2,94,US President,"Kerry, John",111025,"Bush, George W.",312598,1176394,1287419,0.9137615648052421,0.08623843519475788,0,1
154,2004,Arizona,AZ,4,86,US President,"Kerry, John",893524,"Bush, George W.",2012585,190889,1084413,0.17602979676562344,0.8239702032343765,1,0
155,2004,Arkansas,AR,5,71,US President,"Kerry, John",469953,"Bush, George W.",1054945,1104294,1574247,0.7014744191985121,0.29852558080148794,0,1
156,2004,California,CA,6,93,US President,"Kerry, John",6745485,"Bush, George W.",12421353,572898,7318383,0.07828204673081472,0.9217179532691853,1,0
157,2004,Colorado,CO,8,84,US President,"Kerry, John",1001732,"Bush, George W.",2129630,5509826,6511558,0.8461609341420286,0.15383906585797133,0,1
158,2004,Connecticut,CT,9,16,US President,"Kerry, John",857488,"Bush, George W.",1578769,1101255,1958743,0.5622253659617418,0.4377746340382582,0,1
159,2004,Delaware,DE,10,51,US President,"Kerry, John",200152,"Bush, George W.",375190,693826,893978,0.7761108215190978,0.2238891784809022,0,1
160,2004,District of Columbia,DC,11,53,US President,"Kerry, John",202970,"Bush, George W.",227586,171660,374630,0.45821210260790646,0.5417878973920935,1,0
161,2004,Florida,FL,12,59,US President,"Kerry, John",3583544,"Bush, George W.",7609810,21256,3604800,0.005896582334664891,0.994103417665335,1,0
162,2004,Georgia,GA,13,58,US President,"Kerry, John",1366149,"Bush, George W.",3301875,3964522,5330671,0.7437191302933533,0.2562808697066467,0,1
163,2004,Hawaii,HI,15,95,US President,"Kerry, John",231708,"Bush, George W.",429013,1914254,2145962,0.8920260470595471,0.10797395294045281,0,1
164,2004,Idaho,ID,16,82,US President,"Kerry, John",181098,"Bush, George W.",598376,194191,375289,0.5174438899088436,0.4825561100911564,0,1
165,2004,Illinois,IL,17,33,US President,"Kerry, John",2891550,"Bush, George W.",5274322,409235,3300785,0.12398111358358693,0.876018886416413,1,0
166,2004,Indiana,IN,18,32,US President,"Kerry, John",969011,"Bush, George W.",2468002,2345946,3314957,0.7076851977265467,0.2923148022734533,0,1
167,2004,Iowa,IA,19,42,US President,"Kerry, John",741898,"Bush, George W.",1506908,1479438,2221336,0.6660127058670998,0.3339872941329002,0,1
168,2004,Kansas,KS,20,47,US President,"Kerry, John",434993,"Bush, George W.",1187756,751957,1186950,0.6335203673280256,0.36647963267197436,0,1
169,2004,Kentucky,KY,21,61,US President,"Kerry, John",712733,"Bush, George W.",1795882,736456,1449189,0.5081849227395461,0.4918150772604539,0,1
170,2004,Louisiana,LA,22,72,US President,"Kerry, John",820299,"Bush, George W.",1943106,1069439,1889738,0.5659191909142961,0.43408080908570396,0,1
171,2004,Maine,ME,23,11,US President,"Kerry, John",396842,"Bush, George W.",740752,1102169,1499011,0.7352641174747884,0.26473588252521163,0,1
172,2004,Maryland,MD,24,52,US President,"Kerry, John",1334493,"Bush, George W.",2384238,330201,1664694,0.19835537341997989,0.8016446265800201,1,0
173,2004,Maryland,MD,24,52,US President,Other,7,"Bush, George W.",2384238,1024703,1024710,0.9999931687989773,6.831201022728382e-06,0,1
174,2004,Massachusetts,MA,25,14,US President,"Kerry, John",1803800,"Bush, George W.",2927455,1071109,2874909,0.3725714448700811,0.6274285551299189,1,0
175,2004,Michigan,MI,26,34,US President,"Kerry, John",2479183,"Bush, George W.",4839252,2313746,4792929,0.48274155532034796,0.5172584446796521,1,0
176,2004,Mississippi,MS,28,64,US President,"Kerry, John",457766,"Bush, George W.",1139824,1346695,1804461,0.7463142733481078,0.25368572665189215,0,1
177,2004,Missouri,MO,29,43,US President,"Kerry, John",1259171,"Bush, George W.",2731364,672660,1931831,0.3481981601910312,0.6518018398089688,1,0
178,2004,Montana,MT,30,81,US President,"Kerry, John",173710,"Bush, George W.",450434,1455713,1629423,0.8933917098261164,0.10660829017388364,0,1
179,2004,Nebraska,NE,31,46,US President,"Kerry, John",254328,"Bush, George W.",778186,266063,520391,0.5112751757812876,0.4887248242187125,0,1
180,2004,Nevada,NV,32,88,US President,"Kerry, John",397190,"Bush, George W.",829587,512814,910004,0.5635293910795997,0.43647060892040035,0,1
181,2004,New Hampshire,NH,33,12,US President,"Kerry, John",340511,"Bush, George W.",678287,418690,759201,0.5514876824450969,0.4485123175549031,0,1
182,2004,New Jersey,NJ,34,22,US President,"Kerry, John",1911430,"Bush, George W.",3611691,331237,2242667,0.14769780801162188,0.8523021919883781,1,0
183,2004,New Mexico,NM,35,85,US President,"Kerry, John",370942,"Bush, George W.",756304,1670003,2040945,0.8182498793451073,0.1817501206548927,0,1
184,2004,New York,NY,36,21,US President,"Kerry, John",4180755,"Bush, George W.",7448266,376930,4557685,0.0827020735307508,0.9172979264692492,1,0
185,2004,North Carolina,NC,37,56,US President,"Kerry, John",1525849,"Bush, George W.",3501007,2806993,4332842,0.6478410705952352,0.35215892940476484,0,1
186,2004,North Dakota,ND,38,44,US President,"Kerry, John",111052,"Bush, George W.",312833,1961166,2072218,0.9464091133268797,0.0535908866731203,0,1
187,2004,Ohio,OH,39,31,US President,"Kerry, John",2741165,"Bush, George W.",5627903,196651,2937816,0.06693782047616324,0.9330621795238367,1,0
188,2004,Oklahoma,OK,40,73,US President,"Kerry, John",503966,"Bush, George W.",1463758,2859764,3363730,0.8501764410342091,0.14982355896579094,0,1
189,2004,Oregon,OR,41,92,US President,"Kerry, John",943163,"Bush, George W.",1836782,959792,1902955,0.5043692572866936,0.4956307427133064,0,1
190,2004,Pennsylvania,PA,42,23,US President,"Kerry, John",2938095,"Bush, George W.",5769590,866831,3804926,0.22781809685654858,0.7721819031434514,1,0
191,2004,Rhode Island,RI,44,15,US President,"Kerry, John",259760,"Bush, George W.",437134,2793847,3053607,0.9149333886122215,0.08506661138777845,0,1
192,2004,South Carolina,SC,45,57,US President,"Kerry, John",661669,"Bush, George W.",1617700,169046,830715,0.20349457997026657,0.7965054200297335,1,0
193,2004,South Dakota,SD,46,45,US President,"Kerry, John",149244,"Bush, George W.",388215,937974,1087218,0.8627285420219312,0.1372714579780688,0,1
194,2004,Tennessee,TN,47,62,US President,"Kerry, John",1036477,"Bush, George W.",2437319,232584,1269061,0.1832725140871873,0.8167274859128127,1,0
195,2004,Texas,TX,48,74,US President,"Kerry, John",2832704,"Bush, George W.",7410749,1384375,4217079,0.32827817548592286,0.6717218245140771,1,0
196,2004,Utah,UT,49,87,US President,"Kerry, John",241199,"Bush, George W.",927844,4526917,4768116,0.9494141921043867,0.050585807895613275,0,1
197,2004,Vermont,VT,50,13,US President,"Kerry, John",184067,"Bush, George W.",312309,663742,847809,0.7828909577510973,0.21710904224890276,0,1
198,2004,Virginia,VA,51,54,US President,"Kerry, John",1454742,"Bush, George W.",3195415,121180,1575922,0.07689466864476795,0.9231053313552321,1,0
199,2004,Washington,WA,53,91,US President,"Kerry, John",1510201,"Bush, George W.",2859084,1716959,3227160,0.5320340485132439,0.4679659514867562,0,1
200,2004,West Virginia,WV,54,55,US President,"Kerry, John",326541,"Bush, George W.",755792,1304894,1631435,0.7998443088446674,0.20015569115533258,0,1
201,2004,Wisconsin,WI,55,35,US President,"Kerry, John",1489504,"Bush, George W.",2997007,423778,1913282,0.22149270206901023,0.7785072979309898,1,0
202,2004,Wyoming,WY,56,83,US President,"Kerry, John",70776,"Bush, George W.",243861,1478120,1548896,0.9543055182530008,0.04569448174699915,0,1
203,2008,Alabama,AL,1,63,US President,"Obama, Barack H.",813479,"Bush, George W.",2099819,167629,981108,0.17085682717906694,0.8291431728209331,1,0
204,2008,Alaska,AK,2,94,US President,"Obama, Barack H.",123594,"McCain, John",326197,1266546,1390140,0.9110924079589107,0.08890759204108939,0,1
205,2008,Arizona,AZ,4,86,US President,"Obama, Barack H.",1034707,"McCain, John",2293475,193841,1228548,0.15778056697825402,0.842219433021746,1,0
206,2008,Arkansas,AR,5,71,US President,"Obama, Barack H.",422310,"McCain, John",1086617,1230111,1652421,0.7444295370247654,0.2555704629752345,0,1
207,2008,California,CA,6,93,US President,"Obama, Barack H.",8274473,"McCain, John",13561900,638017,8912490,0.0715868404901436,0.9284131595098564,1,0
208,2008,Colorado,CO,8,84,US President,"Obama, Barack H.",1288576,"McCain, John",2401361,5011781,6300357,0.7954757166935144,0.20452428330648564,0,1
209,2008,Connecticut,CT,9,16,US President,"Obama, Barack H.",997772,"McCain, John",1646792,1073589,2071361,0.5183012521718812,0.48169874782811883,0,1
210,2008,Delaware,DE,10,51,US President,"Obama, Barack H.",255459,"McCain, John",412412,629428,884887,0.7113089015885644,0.2886910984114356,0,1
211,2008,District of Columbia,DC,11,53,US President,"Obama, Barack H.",245800,"McCain, John",265853,152374,398174,0.38268194307011505,0.617318056929885,1,0
212,2008,Florida,FL,12,59,US President,"Obama, Barack H.",4282074,"McCain, John",8390744,17367,4299441,0.004039362326404759,0.9959606376735952,1,0
213,2008,Georgia,GA,13,58,US President,"Obama, Barack H.",1844123,"McCain, John",3924486,4045624,5889747,0.6868926627917974,0.31310733720820266,0,1
214,2008,Hawaii,HI,15,95,US President,"Obama, Barack H.",325871,"McCain, John",456064,2048759,2374630,0.8627697788708135,0.13723022112918645,0,1
215,2008,Idaho,ID,16,82,US President,"Obama, Barack H.",236440,"McCain, John",655122,120566,357006,0.3377142120860714,0.6622857879139287,1,0
216,2008,Illinois,IL,17,33,US President,"Obama, Barack H.",3419348,"McCain, John",5522371,403012,3822360,0.10543538546866334,0.8945646145313366,1,0
217,2008,Indiana,IN,18,32,US President,"Obama, Barack H.",1374039,"McCain, John",2751054,2031179,3405218,0.5964901512913418,0.4035098487086583,0,1
218,2008,Iowa,IA,19,42,US President,"Obama, Barack H.",828940,"McCain, John",1537123,1345648,2174588,0.618805953127673,0.38119404687232705,0,1
219,2008,Kansas,KS,20,47,US President,"Obama, Barack H.",514765,"McCain, John",1235872,682379,1197144,0.570005780424076,0.42999421957592404,0,1
220,2008,Kentucky,KY,21,61,US President,"Obama, Barack H.",751985,"McCain, John",1826620,699655,1451640,0.4819755586784602,0.5180244413215398,1,0
221,2008,Louisiana,LA,22,72,US President,"Obama, Barack H.",782989,"McCain, John",1960761,1048462,1831451,0.5724761405028035,0.4275238594971965,0,1
222,2008,Maine,ME,23,11,US President,"Obama, Barack H.",421923,"McCain, John",731163,1148275,1570198,0.7312931235423813,0.2687068764576187,0,1
223,2008,Maryland,MD,24,52,US President,"Obama, Barack H.",1629467,"McCain, John",2631596,295273,1924740,0.15340929164458575,0.8465907083554143,1,0
224,2008,Massachusetts,MA,25,14,US President,"Obama, Barack H.",1904097,"McCain, John",3102995,959862,2863959,0.33515214428698176,0.6648478557130182,1,0
225,2008,Michigan,MI,26,34,US President,"Obama, Barack H.",2872579,"McCain, John",5001596,1108854,3981433,0.27850625641571763,0.7214937435842823,1,0
226,2008,Minnesota,MN,27,41,US President,"Obama, Barack H.",1573354,"McCain, John",2910369,2048639,3621993,0.5656109771609167,0.43438902283908337,0,1
227,2008,Mississippi,MS,28,64,US President,"Obama, Barack H.",554662,"McCain, John",1289865,1275409,1830071,0.6969177698570165,0.3030822301429835,0,1
228,2008,Missouri,MO,29,43,US President,"Obama, Barack H.",1441911,"McCain, John",2925205,724597,2166508,0.3344538769300644,0.6655461230699355,1,0
229,2008,Montana,MT,30,81,US President,"Obama, Barack H.",231667,"McCain, John",490109,1445814,1677481,0.8618959022486693,0.13810409775133073,0,1
230,2008,Nebraska,NE,31,46,US President,"Obama, Barack H.",333319,"McCain, John",801281,242763,576082,0.4214035501890356,0.5785964498109644,1,0
231,2008,Nevada,NV,32,88,US President,"Obama, Barack H.",533736,"McCain, John",967848,452979,986715,0.4590778492269804,0.5409221507730195,1,0
232,2008,New Hampshire,NH,33,12,US President,"Obama, Barack H.",384826,"McCain, John",710970,412827,797653,0.5175521185277308,0.48244788147226925,0,1
233,2008,New Jersey,NJ,34,22,US President,"Obama, Barack H.",2215422,"McCain, John",3868237,316534,2531956,0.12501560058705602,0.874984399412944,1,0
234,2008,New Mexico,NM,35,85,US President,"Obama, Barack H.",472422,"McCain, John",830158,1613207,2085629,0.7734870391618068,0.22651296083819317,0,1
235,2008,New York,NY,36,21,US President,"Obama, Barack H.",4645332,"McCain, John",7722019,346832,4992164,0.06947528166141978,0.9305247183385802,1,0
236,2008,North Carolina,NC,37,56,US President,"Obama, Barack H.",2142651,"McCain, John",4310851,2418323,4560974,0.53022073793887,0.4697792620611299,0,1
237,2008,North Dakota,ND,38,44,US President,"Obama, Barack H.",141278,"McCain, John",316621,2128474,2269752,0.9377561953905096,0.062243804609490375,0,1
238,2008,Ohio,OH,39,31,US President,"Obama, Barack H.",2940044,"McCain, John",5708350,168601,3108645,0.05423617042151806,0.9457638295784819,1,0
239,2008,Oklahoma,OK,40,73,US President,"Obama, Barack H.",502496,"McCain, John",1462661,2677820,3180316,0.8419980907557614,0.15800190924423863,0,1
240,2008,Oregon,OR,41,92,US President,"Obama, Barack H.",1037291,"McCain, John",1827864,960165,1997456,0.4806939426951082,0.5193060573048919,1,0
241,2008,Pennsylvania,PA,42,23,US President,"Obama, Barack H.",3276363,"McCain, John",6013272,738475,4014838,0.1839364377840401,0.8160635622159599,1,0
242,2008,Rhode Island,RI,44,15,US President,"Obama, Barack H.",296571,"McCain, John",471766,2655885,2952456,0.8995510856046627,0.1004489143953373,0,1
243,2008,South Carolina,SC,45,57,US President,"Obama, Barack H.",862449,"McCain, John",1920969,165391,1027840,0.1609112313200498,0.8390887686799502,1,0
244,2008,South Dakota,SD,46,45,US President,"Obama, Barack H.",170924,"McCain, John",381975,1034896,1205820,0.8582508168715065,0.14174918312849347,0,1
245,2008,Tennessee,TN,47,62,US President,"Obama, Barack H.",1087437,"McCain, John",2599749,203054,1290491,0.15734631237257757,0.8426536876274224,1,0
246,2008,Texas,TX,48,74,US President,"Obama, Barack H.",3528633,"McCain, John",8077795,1479178,5007811,0.29537416647712944,0.7046258335228706,1,0
247,2008,Utah,UT,49,87,US President,"Obama, Barack H.",327670,"McCain, John",952370,4479328,4806998,0.9318347958538781,0.06816520414612197,0,1
248,2008,Vermont,VT,50,13,US President,"Obama, Barack H.",219262,"McCain, John",325046,596030,815292,0.7310632264268507,0.26893677357314927,0,1
249,2008,Virginia,VA,51,54,US President,"Obama, Barack H.",1959532,"McCain, John",3723260,98974,2058506,0.04808050110128414,0.9519194988987159,1,0
250,2008,Washington,WA,53,91,US President,"Obama, Barack H.",1750848,"McCain, John",3036878,1725005,3475853,0.49628249526087553,0.5037175047391245,1,0
251,2008,West Virginia,WV,54,55,US President,"Obama, Barack H.",303857,"McCain, John",713451,1229216,1533073,0.8017987401774084,0.19820125982259162,0,1
252,2008,Wisconsin,WI,55,35,US President,"Obama, Barack H.",1677211,"McCain, John",2983417,397466,2074677,0.19157970132218172,0.8084202986778183,1,0
253,2008,Wyoming,WY,56,83,US President,"Obama, Barack H.",82868,"McCain, John",254904,1262393,1345261,0.9384000576839736,0.061599942316026404,0,1
254,2012,Alabama,AL,1,63,US President,"Obama, Barack H.",795696,"McCain, John",2074338,164958,960654,0.17171426965379835,0.8282857303462017,1,0
255,2012,Alaska,AK,2,94,US President,"Obama, Barack H.",122640,"Romney, Mitt",300495,1255925,1378565,0.9110379271198674,0.0889620728801326,0,1
256,2012,Arizona,AZ,4,86,US President,"Obama, Barack H.",1025232,"Romney, Mitt",2299254,164676,1189908,0.13839389263707783,0.8616061073629222,1,0
257,2012,Arkansas,AR,5,71,US President,"Obama, Barack H.",394409,"Romney, Mitt",1069468,1233654,1628063,0.7577434042785813,0.24225659572141864,0,1
258,2012,California,CA,6,93,US President,"Obama, Barack H.",7854285,"Romney, Mitt",13038547,647744,8502029,0.07618699018787163,0.9238130098121283,1,0
259,2012,Colorado,CO,8,84,US President,"Obama, Barack H.",1323101,"Romney, Mitt",2569516,4839958,6163059,0.7853174860081658,0.21468251399183425,0,1
260,2012,Connecticut,CT,9,16,US President,"Obama, Barack H.",905083,"Romney, Mitt",1558204,1185243,2090326,0.5670134706261128,0.43298652937388715,0,1
261,2012,Delaware,DE,10,51,US President,"Obama, Barack H.",242584,"Romney, Mitt",413890,634892,877476,0.7235434359458265,0.27645656405417357,0,1
262,2012,District of Columbia,DC,11,53,US President,"Obama, Barack H.",267070,"Romney, Mitt",293764,165484,432554,0.38257419882835436,0.6174258011716456,1,0
263,2012,Florida,FL,12,59,US President,"Obama, Barack H.",4237756,"Romney, Mitt",8474179,21381,4259137,0.005020031053239189,0.9949799689467608,1,0
264,2012,Georgia,GA,13,58,US President,"Obama, Barack H.",1773827,"Romney, Mitt",3897839,4163447,5937274,0.7012388176796287,0.29876118232037124,0,1
265,2012,Hawaii,HI,15,95,US President,"Obama, Barack H.",306658,"Romney, Mitt",437159,2078688,2385346,0.8714408727287362,0.12855912727126378,0,1
266,2012,Idaho,ID,16,82,US President,"Obama, Barack H.",212787,"Romney, Mitt",652274,121015,333802,0.3625352754027837,0.6374647245972163,1,0
267,2012,Illinois,IL,17,33,US President,"Obama, Barack H.",3019512,"Romney, Mitt",5242014,420911,3440423,0.12234280493997395,0.877657195060026,1,0
268,2012,Indiana,IN,18,32,US President,"Obama, Barack H.",1152887,"Romney, Mitt",2624534,2135216,3288103,0.6493762512913981,0.3506237487086019,0,1
269,2012,Iowa,IA,19,42,US President,"Obama, Barack H.",822544,"Romney, Mitt",1582180,1420543,2243087,0.6332982180361261,0.3667017819638739,0,1
270,2012,Kansas,KS,20,47,US President,"Obama, Barack H.",440726,"Romney, Mitt",1159971,730617,1171343,0.6237430026900745,0.37625699730992546,0,1
271,2012,Kentucky,KY,21,61,US President,"Obama, Barack H.",679370,"Romney, Mitt",1797212,692634,1372004,0.5048338051492561,0.49516619485074387,0,1
272,2012,Louisiana,LA,22,72,US President,"Obama, Barack H.",809141,"Romney, Mitt",1994065,1087190,1896331,0.5733123594984209,0.4266876405015791,0,1
273,2012,Maine,ME,23,11,US President,"Obama, Barack H.",401306,"Romney, Mitt",724758,1152262,1553568,0.7416875218851058,0.2583124781148942,0,1
274,2012,Maryland,MD,24,52,US President,"Obama, Barack H.",1677844,"Romney, Mitt",2707327,292276,1970120,0.14835441495949486,0.8516455850405051,1,0
275,2012,Massachusetts,MA,25,14,US President,"Obama, Barack H.",1921290,"Romney, Mitt",3184196,971869,2893159,0.3359196642839194,0.6640803357160806,1,0
276,2012,Michigan,MI,26,34,US President,"Obama, Barack H.",2564569,"Romney, Mitt",4730961,1188314,3752883,0.3166403002704854,0.6833596997295146,1,0
277,2012,Mississippi,MS,28,64,US President,"Obama, Barack H.",562949,"Romney, Mitt",1285584,2115256,2678205,0.7898036184683398,0.2101963815316602,0,1
278,2012,Missouri,MO,29,43,US President,"Obama, Barack H.",1223796,"Romney, Mitt",2757323,1320225,2544021,0.5189520841219472,0.4810479158780529,0,1
279,2012,Montana,MT,30,81,US President,"Obama, Barack H.",201839,"Romney, Mitt",484048,710746,912585,0.7788271777423473,0.22117282225765272,0,1
280,2012,Nebraska,NE,31,46,US President,"Obama, Barack H.",302081,"Romney, Mitt",794379,1482440,1784521,0.8307215213494266,0.16927847865057347,0,1
281,2012,Nevada,NV,32,88,US President,"Obama, Barack H.",531373,"Romney, Mitt",1014918,267928,799301,0.33520288351947514,0.6647971164805249,1,0
282,2012,New Hampshire,NH,33,12,US President,"Obama, Barack H.",369561,"Romney, Mitt",710972,475064,844625,0.5624555276010064,0.43754447239899363,0,1
283,2012,New Jersey,NJ,34,22,US President,"Obama, Barack H.",2122786,"Romney, Mitt",3638499,463567,2586353,0.17923578103994312,0.8207642189600569,1,0
284,2012,New Mexico,NM,35,85,US President,"Obama, Barack H.",415335,"Romney, Mitt",783758,329918,745253,0.44269261579624636,0.5573073842037536,1,0
285,2012,New York,NY,36,21,US President,"Obama, Barack H.",4324228,"Romney, Mitt",7116784,1478088,5802316,0.2547410378890085,0.7452589621109915,1,0
286,2012,North Carolina,NC,37,56,US President,"Obama, Barack H.",2178391,"Romney, Mitt",4505372,335788,2514179,0.1335577140688869,0.866442285931113,1,0
287,2012,North Dakota,ND,38,44,US President,"Obama, Barack H.",124966,"Romney, Mitt",322932,2223397,2348363,0.9467859100147634,0.05321408998523652,0,1
288,2012,Ohio,OH,39,31,US President,"Obama, Barack H.",2827621,"Romney, Mitt",5580822,2270395,5098016,0.44534873958810645,0.5546512604118936,1,0
289,2012,Oklahoma,OK,40,73,US President,"Obama, Barack H.",443547,"Romney, Mitt",1334872,188320,631867,0.298037403440914,0.701962596559086,1,0
290,2012,Oregon,OR,41,92,US President,"Obama, Barack H.",970488,"Romney, Mitt",1789270,2661407,3631895,0.7327874291519991,0.2672125708480008,0,1
291,2012,Pennsylvania,PA,42,23,US President,"Obama, Barack H.",2990274,"Romney, Mitt",5742040,891325,3881599,0.2296283052422468,0.7703716947577531,1,0
292,2012,Rhode Island,RI,44,15,US President,"Obama, Barack H.",279677,"Romney, Mitt",446049,754175,1033852,0.7294806219845781,0.2705193780154219,0,1
293,2012,South Carolina,SC,45,57,US President,"Obama, Barack H.",865941,"Romney, Mitt",1964118,2680434,3546375,0.755823622713334,0.24417637728666597,0,1
294,2012,South Dakota,SD,46,45,US President,"Obama, Barack H.",145039,"Romney, Mitt",363815,157204,302243,0.5201245355558276,0.4798754644441724,0,1
295,2012,Tennessee,TN,47,62,US President,"Obama, Barack H.",960709,"Romney, Mitt",2458577,1071645,2032354,0.5272924893989925,0.4727075106010075,0,1
296,2012,Texas,TX,48,74,US President,"Obama, Barack H.",3308124,"Romney, Mitt",7993851,210610,3518734,0.05985391336770554,0.9401460866322945,1,0
297,2012,Utah,UT,49,87,US President,"Obama, Barack H.",251813,"Romney, Mitt",1017440,1462330,1714143,0.8530968536463994,0.1469031463536006,0,1
298,2012,Vermont,VT,50,13,US President,"Obama, Barack H.",199239,"Romney, Mitt",299290,4569843,4769082,0.9582227774653487,0.041777222534651326,0,1
299,2012,Virginia,VA,51,54,US President,"Obama, Barack H.",1971820,"Romney, Mitt",3854489,740600,2712420,0.27304031086631125,0.7269596891336887,1,0
300,2012,Washington,WA,53,91,US President,"Obama, Barack H.",1755396,"Romney, Mitt",3125516,92698,1848094,0.05015870404860359,0.9498412959513964,1,0
301,2012,West Virginia,WV,54,55,US President,"Obama, Barack H.",238269,"Romney, Mitt",670438,1822522,2060791,0.8843798327923599,0.11562016720764018,0,1
302,2012,Wisconsin,WI,55,35,US President,"Obama, Barack H.",1620985,"Mitt, Romney",3071434,1290670,2911655,0.44327710528891645,0.5567228947110836,1,0
303,2012,Wyoming,WY,56,83,US President,"Obama, Barack H.",69286,"Romney, Mitt",250701,417655,486941,0.8577117145609017,0.14228828543909838,0,1
304,2016,Alabama,AL,1,63,US President,"Clinton, Hillary",729547,"Romney, Mitt",2123372,1410966,2140513,0.6591718901029799,0.34082810989702,0,1
305,2016,Alaska,AK,2,94,US President,"Clinton, Hillary",116454,"Romney, Mitt",318608,170962,287416,0.5948242269045565,0.40517577309544356,0,1
306,2016,Arizona,AZ,4,86,US President,"Clinton, Hillary",1161167,"Trump, Donald J.",2573165,1318255,2479422,0.5316783508414461,0.4683216491585539,0,1
307,2016,Arizona,AZ,4,86,US President,,42,"Trump, Donald J.",2573165,163387,163429,0.9997430076669379,0.00025699233306206366,0,1
308,2016,Arkansas,AR,5,71,US President,"Clinton, Hillary",380494,"Trump, Donald J.",1130635,1252401,1632895,0.7669819553614898,0.23301804463851014,0,1
309,2016,California,CA,6,93,US President,"Clinton, Hillary",8753788,"Trump, Donald J.",14181595,684872,9438660,0.0725602998730752,0.9274397001269248,1,0
310,2016,Colorado,CO,8,84,US President,"Clinton, Hillary",1338870,"Trump, Donald J.",2780220,4483810,5822680,0.7700594915056297,0.22994050849437028,0,1
311,2016,Connecticut,CT,9,16,US President,"Clinton, Hillary",897572,"Trump, Donald J.",1644920,1202484,2100056,0.5725961593405128,0.42740384065948717,0,1
312,2016,Delaware,DE,10,51,US President,"Clinton, Hillary",235603,"Trump, Donald J.",441590,673215,908818,0.7407588758145195,0.25924112418548045,0,1
313,2016,District of Columbia,DC,11,53,US President,"Clinton, Hillary",282830,"Trump, Donald J.",312575,185127,467957,0.3956068613141806,0.6043931386858195,1,0
314,2016,Florida,FL,12,59,US President,"Clinton, Hillary",4504975,"Trump, Donald J.",9420039,12723,4517698,0.0028162573062652705,0.9971837426937348,1,0
315,2016,Georgia,GA,13,58,US President,"Clinton, Hillary",1877963,"Trump, Donald J.",4114732,4617886,6495849,0.7108979903935575,0.2891020096064425,0,1
316,2016,Hawaii,HI,15,95,US President,"Clinton, Hillary",266891,"Trump, Donald J.",437664,2089104,2355995,0.8867183504209474,0.11328164957905258,0,1
317,2016,Idaho,ID,16,82,US President,"Clinton, Hillary",189765,"Trump, Donald J.",690255,128847,318612,0.40440096418214005,0.59559903581786,1,0
318,2016,Illinois,IL,17,33,US President,"Clinton, Hillary",3090729,"Trump, Donald J.",5536424,409055,3499784,0.11688007031291074,0.8831199296870893,1,0
319,2016,Indiana,IN,18,32,US President,"Clinton, Hillary",1033126,"Trump, Donald J.",2734958,2146015,3179141,0.6750298272394964,0.32497017276050355,0,1
320,2016,Iowa,IA,19,42,US President,"Clinton, Hillary",653669,"Trump, Donald J.",1565580,1557286,2210955,0.7043499302337678,0.29565006976623226,0,1
321,2016,Kansas,KS,20,47,US President,"Clinton, Hillary",427005,"Trump, Donald J.",1184402,800983,1227988,0.6522726606448923,0.3477273393551077,0,1
322,2016,Kentucky,KY,21,61,US President,"Clinton, Hillary",628854,"Trump, Donald J.",1924149,671018,1299872,0.5162185199773516,0.48378148002264837,0,1
323,2016,Louisiana,LA,22,72,US President,"Clinton, Hillary",780154,"Trump, Donald J.",2029032,1202971,1983125,0.6066037188780334,0.3933962811219666,0,1
324,2016,Maine,ME,23,11,US President,"Clinton, Hillary",357735,"Trump, Donald J.",771892,1178638,1536373,0.7671561528352815,0.23284384716471845,0,1
325,2016,Maryland,MD,24,52,US President,"Clinton, Hillary",1677928,"Trump, Donald J.",2781446,335593,2013521,0.16666972929510046,0.8333302707048995,1,0
326,2016,Maryland,MD,24,52,US President,"Clinton, Hillary",78,"Trump, Donald J.",2781446,943169,943247,0.9999173069196086,8.269308039145633e-05,0,1
327,2016,Massachusetts,MA,25,14,US President,"Clinton, Hillary",1995196,"Trump, Donald J.",3378821,259,1995455,0.00012979495904442845,0.9998702050409556,1,0
328,2016,Michigan,MI,26,34,US President,"Clinton, Hillary",2268839,"Trump, Donald J.",4799284,1090893,3359732,0.32469643412034055,0.6753035658796595,1,0
329,2016,Minnesota,MN,27,41,US President,"Clinton, Hillary",1367705,"Trump, Donald J.",2944782,2279543,3647248,0.6250035643312437,0.3749964356687563,0,1
330,2016,Mississippi,MS,28,64,US President,"Clinton, Hillary",485131,"Trump, Donald J.",1209357,1322949,1808080,0.731687204106013,0.268312795893987,0,1
331,2016,Missouri,MO,29,43,US President,"Clinton, Hillary",1071068,"Trump, Donald J.",2808605,700714,1771782,0.3954854491128141,0.6045145508871859,1,0
332,2016,Montana,MT,30,81,US President,"Clinton, Hillary",177709,"Trump, Donald J.",494526,1594511,1772220,0.899725203417183,0.10027479658281703,0,1
333,2016,Nebraska,NE,31,46,US President,"Clinton, Hillary",284494,"Trump, Donald J.",844227,279240,563734,0.49534000078050994,0.50465999921949,1,0
334,2016,Nevada,NV,32,88,US President,"Clinton, Hillary",539260,"Trump, Donald J.",1125385,495961,1035221,0.47908707416097623,0.5209129258390237,1,0
335,2016,New Hampshire,NH,33,12,US President,"Clinton, Hillary",348526,"Trump, Donald J.",744296,512058,860584,0.5950122242570162,0.40498777574298384,0,1
336,2016,New Jersey,NJ,34,22,US President,"Clinton, Hillary",2148278,"Trump, Donald J.",3874046,345790,2494068,0.1386449768009533,0.8613550231990467,1,0
337,2016,New Mexico,NM,35,85,US President,"Clinton, Hillary",385234,"Trump, Donald J.",798319,1601933,1987167,0.8061390914804846,0.19386090851951548,0,1
338,2016,New York,NY,36,21,US President,"Clinton, Hillary",4379789,"Trump, Donald J.",7802084,319667,4699456,0.06802212851870515,0.9319778714812949,1,0
339,2016,North Carolina,NC,37,56,US President,"Clinton, Hillary",2189316,"Trump, Donald J.",4741564,2527142,4716458,0.5358135278634941,0.4641864721365058,0,1
340,2016,North Dakota,ND,38,44,US President,"Clinton, Hillary",93758,"Trump, Donald J.",344360,2362631,2456389,0.961830964069616,0.03816903593038399,0,1
341,2016,Ohio,OH,39,31,US President,"Clinton, Hillary",2394164,"Trump, Donald J.",5496487,216794,2610958,0.08303235823785753,0.9169676417621425,1,0
342,2016,Oklahoma,OK,40,73,US President,"Clinton, Hillary",420375,"Trump, Donald J.",1452992,2841005,3261380,0.8711051763363975,0.12889482366360253,0,1
343,2016,Oregon,OR,41,92,US President,"Clinton, Hillary",1002106,"Trump, Donald J.",2001336,949136,1951242,0.4864265939335049,0.513573406066495,1,0
344,2016,Pennsylvania,PA,42,23,US President,"Clinton, Hillary",2926441,"Trump, Donald J.",6115402,782403,3708844,0.21095602834737726,0.7890439716526227,1,0
345,2016,Rhode Island,RI,44,15,US President,"Clinton, Hillary",252525,"Trump, Donald J.",464144,2970733,3223258,0.921655356164477,0.07834464383552293,0,1
346,2016,South Carolina,SC,45,57,US President,"Clinton, Hillary",855373,"Trump, Donald J.",2103027,180543,1035916,0.17428343610871924,0.8257165638912808,1,0
347,2016,South Dakota,SD,46,45,US President,"Clinton, Hillary",117458,"Trump, Donald J.",370093,1155389,1272847,0.9077202523162643,0.09227974768373576,0,1
348,2016,Tennessee,TN,47,62,US President,"Clinton, Hillary",870695,"Trump, Donald J.",2508027,227721,1098416,0.20731762829383402,0.792682371706166,1,0
349,2016,Texas,TX,48,74,US President,"Clinton, Hillary",3877868,"Trump, Donald J.",8969226,1522925,5400793,0.2819817386076452,0.7180182613923548,1,0
350,2016,Utah,UT,49,87,US President,"Clinton, Hillary",310674,"Trump, Donald J.",1131317,4685047,4995721,0.9378119794920493,0.062188020507950706,0,1
351,2016,Vermont,VT,50,13,US President,"Clinton, Hillary",178573,"Trump, Donald J.",320467,515211,693784,0.7426100919018023,0.25738990809819773,0,1
352,2016,Virginia,VA,51,54,US President,"Clinton, Hillary",1981473,"Trump, Donald J.",3982752,95369,2076842,0.045920199995955396,0.9540798000040446,1,0
353,2016,Washington,WA,53,91,US President,"Clinton, Hillary",1742718,"Trump, Donald J.",3317019,1769443,3512161,0.5038046376575561,0.4961953623424439,0,1
354,2016,West Virginia,WV,54,55,US President,"Clinton, Hillary",188794,"Trump, Donald J.",713051,1221747,1410541,0.8661549008500994,0.13384509914990064,0,1
355,2016,Wisconsin,WI,55,35,US President,"Clinton, Hillary",1382536,"Trump, Donald J.",2976150,489371,1871907,0.261429120143255,0.738570879856745,1,0
356,2016,Wyoming,WY,56,83,US President,"Clinton, Hillary",55973,"Trump, Donald J.",258788,1405284,1461257,0.9616953075331718,0.038304692466828216,0,1
